災民收容所名稱,管理人電話,收容所縣市,收容所鄉鎮,收容所地址
汴洲老人活動中心,3469051,桃園市,桃園區,桃園區莊敬路1段71號
永康市民活動中心,"3375713
0952-702722",桃園市,桃園區,桃園區中正五街315號
三元忠義市民活動中心,3388263,桃園市,桃園區,桃園區三元街289號2樓
三民市民活動中心,3330301,桃園市,桃園區,桃園區中山東路128號
大林市民活動中心,"3639988
0953-610177",桃園市,桃園區,桃園區大原路31號
中山市民活動中心,"03-3611518
0915084928",桃園市,桃園區,桃園區國際路一段575號
中德市民活動中心,"3765858
0928-870198",桃園市,桃園區,桃園區國際路一段687巷61號
五中市民活動中心,2200639,桃園市,桃園區,桃園區中平路118號
文昌市民活動中心,0933952795,桃園市,桃園區,桃園區民族路110號 (三、四樓)
同安市民活動中心,3256272,桃園市,桃園區,桃園區新埔六街140號2樓
瑞慶市民活動中心(原同德市民活動中心),3021077,桃園市,桃園區,桃園區永安北路500號
西埔市民活動中心,0926395689,桃園市,桃園區,桃園區富國路681巷22號
汴洲市民活動中心,"3254919
0932096092",桃園市,桃園區,桃園區峨嵋二街26號
東埔市民活動中心,"3351772
0958564958",桃園市,桃園區,桃園區信光路55號
長青學苑,"3361367
0916816191",桃園市,桃園區,桃園區民權路32號7樓
青溪市民活動中心,"3357800
0906016094",桃園市,桃園區,桃園區鎮撫街41號
南門市民活動中心,"2188382
0923111706",桃園市,桃園區,桃園區三民路三段268號
建國雲林市民活動中心,"3610068
0933776908",桃園市,桃園區,桃園區建成街88號(一、二樓)
春日市民活動中心,"3179695
0927280888",桃園市,桃園區,桃園區至善街133號
桃園區公所禮堂,3346475,桃園市,桃園區,桃園區縣府路7號4樓
莊敬市民活動中心,"3347208
0972623868",桃園市,桃園區,桃園區新埔七街169巷13號
朝陽北門市民活動中心,"3378009
0916038412",桃園市,桃園區,桃園區朝陽街63號
陽明公園市民活動中心,"3710601
0910925355",桃園市,桃園區,桃園區介壽路199號
陽明綜合市民活動中心,"3772986
0921916766",桃園市,桃園區,桃園區陽明三街33號
新埔市民活動中心,0931553101,桃園市,桃園區,桃園區南通路65號
會稽市民活動中心,3347208、3464042,桃園市,桃園區,桃園區興一街65巷50號
福林市民活動中心,"3710601
0910-925355",桃園市,桃園區,桃園區東勇北路20號
龍岡市民活動中心,"03-3792560
0937-101388",桃園市,桃園區,桃園區國豐二街6號
寶興市民活動中心,"03-3267179
0920-472085",桃園市,桃園區,桃園區民有三街501號
新埔國小,"(03)3162972
＃513",桃園市,桃園區,桃園區經國路208巷36號
大業國小,"(03)3337771
＃511",桃園市,桃園區,桃園區大業路一段135號
建德國小,(03)3660688＃510,桃園市,桃園區,桃園區延平路265號
武陵高中,(03)3698170＃400,桃園市,桃園區,桃園區中山路889號
大有國小,(03)3577715＃510,桃園市,桃園區,桃園區大有路220號
大有國中,(03)2613297＃510,桃園市,桃園區,桃園區大有路215號
快樂國小,(03)3580001＃510,桃園市,桃園區,桃園區大有路789號
會稽國中,(03)3551496＃510,桃園市,桃園區,桃園區大興路222 號
會稽國小,(03)3252982＃510,桃園市,桃園區,桃園區春日路1080號
同安國小,(03)3269251＃511,桃園市,桃園區,桃園區同德11街48號
莊敬國小,(03)3020784＃510,桃園市,桃園區,桃園區莊一街107 號
同德國中,(03)2628955＃510,桃園市,桃園區,桃園區南平路487號
同德國小,(03)3176403＃531,桃園市,桃園區,桃園區同德六街175號
中埔國小,(03)3013028＃510,桃園市,桃園區,桃園區永安路1054號
經國國中,(03)3572699＃110,桃園市,桃園區,桃園區經國路276號
永順國小,(03)3024221＃510,桃園市,桃園區,桃園區永順街100號
慈文國中,(03)3269340＃510,桃園市,桃園區,桃園區中正路835號
慈文國小,(03)3175755＃510,桃園市,桃園區,桃園區新埔六街2號
北門國小,(03)3250959＃520,桃園市,桃園區,桃園區正康三街139號
文昌國中,(03)3552776＃510,桃園市,桃園區,桃園區民生路729號
桃園高中,(03)3946001＃6003,桃園市,桃園區,桃園區成功路三段38號
青溪國中,(03)3392400＃510,桃園市,桃園區,桃園區中山東路124號
青溪國小,(03)3347883＃510,桃園市,桃園區,桃園區自強路80號
東門國小,(03)3322057＃500,桃園市,桃園區,桃園區東國街14號
桃園國小,(03)3322268＃510,桃園市,桃園區,桃園區民權路67號
成功國小,(03)3322772＃511,桃園市,桃園區,桃園區三民路三段22號
桃園國中,(03) 3358282＃510,桃園市,桃園區,桃園區莒光街2號
西門國小,(03)3342351＃51,桃園市,桃園區,桃園區莒光街15號
南門國小,(03)3370576＃510,桃園市,桃園區,桃園區復興路303號
文山國小,(03)3601400＃511,桃園市,桃園區,桃園區文中路120號
中興國中,(03)3694315＃531,桃園市,桃園區,桃園區文中路122號
建國國小,(03)3636660＃510,桃園市,桃園區,桃園區昆明路95號
福豐國中,(03)3669547＃510,桃園市,桃園區,桃園區延平路326號
建國國中,(03)3630081＃510,桃園市,桃園區,桃園區介新街20號
陽明高中,(03)3645761＃102,桃園市,桃園區,桃園區德壽街8號
中山國小,(03)2203012＃560,桃園市,桃園區,桃園區國際路一段1070號
龍山國小,(03)3691253＃511,桃園市,桃園區,桃園區龍泉二街36號
建國公園,3396122#105,桃園市,桃園區,(桃鶯路、建成街交叉口)
陽明公園,3396122#105,桃園市,桃園區,桃園區長沙街十一號(介壽街、長沙街交叉口)
風禾公園,3396122#105,桃園市,桃園區,(慈文路、文中二路交叉口)
水秀公園,3396122#105,桃園市,桃園區,力行路、文中二路交叉
向陽公園,3396122#105,桃園市,桃園區,力行路、正光路交叉口
中壢松鶴會館,4271801#1508,桃園市,中壢區,"桃園市中壢區中央里元
化路182-2號 "
中壢婦幼館,4271801#1208,桃園市,中壢區,"桃園市中壢區五權里正
大街55號"
龍江市民活動中心,4385796,桃園市,中壢區,"桃園市中壢區龍安里龍
江路99號"
"華勛仁祥市民活動
中心",4658837,桃園市,中壢區,"桃園市中壢區仁祥里華
祥一街21號"
三里市民活動中心,4332872,桃園市,中壢區,"桃園市中壢區福德里光
華三街10號"
"大舊社市民活動中
心",4927198,桃園市,中壢區,"桃園市中壢區光明里新
民路223號"
自強市民活動中心,4556133,桃園市,中壢區,"桃園市中壢區自強里強
國路62號"
龍興市民活動中心,4573501,桃園市,中壢區,"桃園市中壢區龍興里龍
岡路三段37巷92弄102號"
中壢區公所,4271801#6036,桃園市,中壢區,"桃園市中壢區金華里環
北路380號"
中華市民活動中心,4628408,桃園市,中壢區,桃園市中壢區仁義里中 華路二段369-1號
"東興健行市民活動
中心",4287799,桃園市,中壢區,桃園市中壢區東興里中 北路二段76巷10號
洽溪市民活動中心 ,2870735,桃園市,中壢區,"桃園市中壢區洽溪里民
權路四段546號"
舊明市民活動中心,4912466,桃園市,中壢區,"桃園市中壢區舊明里義
民路70號"
龍岡市民活動中心,4504722,桃園市,中壢區,"桃園市中壢區龍岡里龍
岡路三段742號 "
水尾市民活動中心,4516152,桃園市,中壢區,"桃園市中壢區水尾里新
生路598巷22號"
復興復華市民活動 中心,"4520608
4630186",桃園市,中壢區,"桃園市中壢區復華里復
華街188號 "
文化市民活動中心,4524803,桃園市,中壢區,"桃園市中壢區文化里長
春三路2號1樓"
南園市民活動中心,4620141,桃園市,中壢區,"桃園市中壢區永福里南
園二路90號"
後寮市民活動中心 ,4563009,桃園市,中壢區,"桃園市中壢區後寮里龍
興路701巷21號"
過嶺市民活動中心,4986990,桃園市,中壢區,"桃園市中壢區過嶺里過
嶺里雙福路9號 "
芭里市民活動中心,2807666,桃園市,中壢區,桃園市中壢區芝芭里芝 芭里啟文路175號
月桃市民活動中心,4989986,桃園市,中壢區,桃園市中壢區月眉里月 眉里11鄰月桃路828號
山東市民活動中心,4986188,桃園市,中壢區,"桃園市中壢區山東里山
東路1010號"
內厝市民活動中心,4987975,桃園市,中壢區,"桃園市中壢區內厝里內
厝里月眉路一段2號"
新振市民活動中心,4598725,桃園市,中壢區,"桃園市中壢區振興里龍
岡路二段232號(龍崗國
小內)"
台貿市民活動中心,4650757,桃園市,中壢區,"桃園市中壢區中堅里台
貿一街100號"
中山市民活動中心,4632760,桃園市,中壢區,"桃園市中壢區中山里榮
民路396號"
元生市民活動中心,4554516,桃園市,中壢區,"桃園市中壢區忠孝里元
生二街126號"
青埔市民活動中心,4534849,桃園市,中壢區,桃園市中壢區領航南路 三段168號
新明國小,4933262＃510,桃園市,中壢區,桃園市中壢區中央西路二段97號
東興國中,4583500＃510,桃園市,中壢區,桃園市中壢區明德里廣州路25號
富台國小,4563335＃520,桃園市,中壢區,桃園市中壢區中山東路3段369號
華勛國小,4661587＃510,桃園市,中壢區,桃園市中壢區榮民南路205號
元生國小,4625566＃510,桃園市,中壢區,桃園市中壢區文化二路161號
內壢高中,4528080＃252,桃園市,中壢區,桃園市中壢區成章4街120號
內壢國小,4635888＃511,桃園市,中壢區,桃園市中壢區福德路20號
自強國中,4553494＃510,桃園市,中壢區,桃園市中壢區榮民路80號
興仁國小,4355753＃513,桃園市,中壢區,桃園市中壢區遠東路210號
信義國小,4573780＃510,桃園市,中壢區,桃園市中壢區成都路55號
龍岡國小,4588582＃510,桃園市,中壢區,桃園市中壢區龍岡路二段232號
龍興國中,4575200＃510,桃園市,中壢區,桃園市中壢區龍勇路100號
龍岡國中,4562137＃510,桃園市,中壢區,桃園市中壢區龍東路147號
中正國小,4559313＃511,桃園市,中壢區,桃園市中壢區榮民路369號
普仁國小,4563830＃511,桃園市,中壢區,桃園市中壢區中山東路二段425號
中原國小,4388200＃510,桃園市,中壢區,桃園市中壢區中北路88號
內定國小,4524624＃510,桃園市,中壢區,桃園市中壢區內定里定寧路31號
青埔國小,4531626＃510,桃園市,中壢區,桃園市中壢區青埔路二段122號
青埔國中,2871886＃510,桃園市,中壢區,桃園市中壢區領航北路2段281號
芭里國小,4228086＃510,桃園市,中壢區,桃園市中壢區啟文路233號
山東國小,4981323＃510,桃園市,中壢區,桃園市中壢區山東一路39號
興國國小,4258158＃510,桃園市,中壢區,桃園市中壢區元化路二段62號
中壢高商,4929871＃1601,桃園市,中壢區,桃園市中壢區中央西路二段141巷100號
中壢家商,4271627＃501,桃園市,中壢區,桃園市中壢區德育路36號
中壢國小,4255216＃510,桃園市,中壢區,桃園市中壢區延平路622號
林森國小,4579213＃510,桃園市,中壢區,桃園市中壢區林森路95號
大崙國中,4982840＃510,桃園市,中壢區,桃園市中壢區月眉路一段50號
大崙國小,4983424＃510,桃園市,中壢區,桃園市中壢區月眉里15鄰崇德路139號
過嶺國中,4200026＃511,桃園市,中壢區,桃園市中壢區過嶺里17鄰松智路2號
中平國小,4902025＃520,桃園市,中壢區,桃園市中壢區雙福路12號
新明國中,4936194＃511,桃園市,中壢區,桃園市中壢區中正路487巷18號
自立國小,4559130＃510,桃園市,中壢區,桃園市中壢區永福路1200號
內壢國中,4522494＃510,桃園市,中壢區,桃園市中壢區復華一街108號
忠福國小,4340192＃511,桃園市,中壢區,桃園市中壢區西園路57號
興南國中,4629991＃511,桃園市,中壢區,桃園市中壢區育英路55號
新街國小,4523202＃510,桃園市,中壢區,桃園市中壢區延平路176號
國立中央大學附屬中壢高級中學,4932181#11,桃園市,中壢區,桃園市中壢區三光路115號
國立中央大學,4227151#57251,桃園市,中壢區,桃園市中壢區中大路300號
中原大學,2651913,桃園市,中壢區,桃園市中壢區中北路200號
元智大學,4638800#2263,桃園市,中壢區,桃園市中壢區遠東路135號
健行學校財團法人健行科技大學,4581196#3674,桃園市,中壢區,桃園市中壢區健行路229號
萬能學校財團法人萬能科技大學,4515811#22400,桃園市,中壢區,桃園市中壢區萬能路1號
南亞科技學校財團法人南亞技術學院,4361070#5112,桃園市,中壢區,桃園市中壢區中山東路三段414號
中正公園,4271801#3114,桃園市,中壢區,桃園市中壢區元化路、中美路交叉口(中央里)
文化公園,4271801#3118,桃園市,中壢區,桃園市中壢區文化路、吉林路交叉口(文化里)
,,桃園市,,
北勢市民活動中心,03-4281848 ,桃園市,平鎮區,平鎮區北華里振平街153號
平鎮區婦幼活動中心,03-4572105#2205,桃園市,平鎮區,平鎮區廣達里廣成街10號
東勢市民活動中心 ,03-4500999,桃園市,平鎮區,平鎮區東勢里金陵路5段55號
平鎮區長青文康中心 ,03-4572105#2205,桃園市,平鎮區,平鎮區平南里開封街88號
福林第二市民活動中心,0939196226,桃園市,平鎮區,平鎮區福林里山子頂6號
北興市民活動中心,03-4679616,桃園市,平鎮區,平鎮區北興里金陵路2段353號
東社市民活動中心,0932322662,桃園市,平鎮區,平鎮區東社里圳南路50巷23號
高連市民活動中心,03-2810106,桃園市,平鎮區,平鎮區高雙里高雙路80號
獅子林市民活動中心,"03-4578357
03-4280811",桃園市,平鎮區,平鎮區北貴里大仁街46號
宋屋市民活動中心,0927195990,桃園市,平鎮區,平鎮區宋屋里廣泰路85號
莊敬市民活動中心,0920-981168,桃園市,平鎮區,平鎮區莊敬里自強街100號
文化市民活動中心,03-4023489,桃園市,平鎮區,平鎮區復興里復興街55號
湧光市民活動中心,0916813365,桃園市,平鎮區,平鎮區湧光里湧光路110號2樓
義興市民活動中心,03-4949243 ,桃園市,平鎮區,平鎮區義興里義興街80號
廣仁市民活動中心,0913363252,桃園市,平鎮區,平鎮區廣仁里新光路65巷50號
鎮興市民活動中心,03-4643456,桃園市,平鎮區,"平鎮區鎮興里中興路平鎮段
229號"
福林第三市民活動中心,0939196226,桃園市,平鎮區,"平鎮區福林里東豐路100巷
16號"
廣隆市民活動中心,0928208335,桃園市,平鎮區,"平鎮區復興里育達路二段94
號"
山子頂市民活動中心,03-4690091,桃園市,平鎮區,平鎮區湧安里麻園街2號
三安市民活動中心,03-4605346,桃園市,平鎮區,平鎮區新安里平東路203號
平鎮區公民會館,03-4599308,桃園市,平鎮區,平鎮區北勢里和平路52號
福林市民活動中心,0925277293,桃園市,平鎮區,平鎮區福林里東豐路326號
新勢市民活動中心,0933950600,桃園市,平鎮區,平鎮區新勢里延平路一段162號
南勢國小,03-4393724#511,桃園市,平鎮區,平鎮區中豐路南勢二段223號
平南國中,03-4392164#510 ,桃園市,平鎮區,平鎮區中豐路南勢二段340號
山豐國小,03-4691784#510,桃園市,平鎮區,平鎮區中豐路山頂段375巷45號
祥安國小,03-4192136#511,桃園市,平鎮區,平鎮區湧安路45號
義興國小,03-4913700#510,桃園市,平鎮區,平鎮區義興街55號
東勢國小,03-4504034#510,桃園市,平鎮區,平鎮區平東路一段185號
東安國中,03-4601407#510,桃園市,平鎮區,平鎮區平東路168號
東安國小,03-4509571#510,桃園市,平鎮區,平鎮區平東路136號
文化國小 ,03-4921750#510,桃園市,平鎮區,平鎮區文化街189號
平興國中,03-4918239#510,桃園市,平鎮區,平鎮區環南路300號
平興國小,03-4029323#511,桃園市,平鎮區,平鎮區平興里廣泰路168號
宋屋國小,03-4933654#510,桃園市,平鎮區,平鎮區延平路二段389號
平鎮國中,03-4572150#510,桃園市,平鎮區,平鎮區振興路2號
平鎮高中,4287288#510 ,桃園市,平鎮區,平鎮區環南路三段100號
北勢國小,4586472#510,桃園市,平鎮區,平鎮區金陵路二段330號
忠貞國小 ,4501450#510 ,桃園市,平鎮區,平鎮區龍南路315號
復旦國小,4917491#510,桃園市,平鎮區,平鎮區廣平街1號
新榮國小,2806200#520,桃園市,平鎮區,平鎮區中原路88號
中壢國中 ,4223214#511,桃園市,平鎮區,平鎮區延平路一段115號 
新勢國小,4937563#511,桃園市,平鎮區,平鎮區延平路一段181號
"國立臺北商業大學(桃
園校區) ","03-4506333#
8071",桃園市,平鎮區,平鎮區福龍路一段100號
復興親子公園,03-4572105#2384,桃園市,平鎮區,文化街、育達路二段交叉 口
新勢公園,03-4572105#2384,桃園市,平鎮區,中原路、延平路二段交叉 口
,,桃園市,,
八德社福館三樓,"3752690
0927038569",桃園市,八德區,八德區福國北街220號
青少年活動中心,"2180252
0932238691",桃園市,八德區,八德區興豐路2207號
大仁市民活動中心,3629076,桃園市,八德區,八德區桃和街36號
大安第一市民活動中心,"3660092
0922733123",桃園市,八德區,八德區和平路548號
大成市民活動中心,"3637816
0928122429",桃園市,八德區,八德區建國路1199號2樓
大竹市民活動中心,3715088,桃園市,八德區,八德區興豐路1823巷25號
大宏市民活動中心,3643932,桃園市,八德區,八德區公園路139號
大和市民活動中心,0970077098,桃園市,八德區,八德區建國路1076號
大明市民活動中心,0918267618,桃園市,八德區,八德區興隆街11巷8號
大勇市民活動中心,0933106958,桃園市,八德區,八德區自強街60號2樓
大強市民活動中心,0937961952,桃園市,八德區,八德區東勇街490巷288號
大智市民活動中心,0955437262,桃園市,八德區,八德區福國北街221號
大湳市民活動中心,3664806,桃園市,八德區,八德區和平路1189巷169號
大發市民活動中心,3628736,桃園市,八德區,八德區興豐路2175號
大義市民活動中心,0912513149,桃園市,八德區,八德區自強街60號2樓
大漢市民活動中心,0973712621,桃園市,八德區,八德區東勇一路51號
大福市民活動中心,"36622456
0937946870",桃園市,八德區,八德區桃德路476號
大興市民活動中心,0933252717,桃園市,八德區,八德區介壽路2段361巷96號
正福市民活動中心,0918248898,桃園市,八德區,八德區大福街29號
竹霄市民活動中心,0937959437 ,桃園市,八德區,八德區霄裡路12號
茄白市民活動中心,0917995945,桃園市,八德區,八德區永豐路170號
茄明市民活動中心,0910260737,桃園市,八德區,八德區中華路27號
高城市民活動中心,3692735,桃園市,八德區,八德區高城六街60號
瑞發市民活動中心,0938300288,桃園市,八德區,八德區瑞發街55號
瑞興市民活動中心,3682846,桃園市,八德區,八德區豐田路250號
廣德市民活動中心,0937112325,桃園市,八德區,八德區廣興路643號
龍友市民活動中心,0981362007,桃園市,八德區,八德區龍宮街36巷1號
霄裡國小,03-3651101#510,桃園市,八德區,八德區竹園里山下街115號
八德國小,03-3682943#510,桃園市,八德區,八德區興豐路222號
八德國中,03-3685322#510,桃園市,八德區,八德區興豐路321號
大成國小,03-3661155#510,桃園市,八德區,八德區廣福路31號
大成國中,"03-3625633#510
",桃園市,八德區,八德區忠勇街12號
大勇國小,03-3622017#510,桃園市,八德區,八德區自強街60號
大忠國小,03-3635206#510,桃園市,八德區,八德區忠誠街18號
永豐高中,(03)3789414＃510,桃園市,八德區,八德區永豐路609號
茄苳國小,(03)3611425＃510,桃園市,八德區,八德區永豐路155號
廣興國小,(03)3666007＃510,桃園市,八德區,八德區廣興路601巷25號
大安國小,(03)3661419＃511,桃園市,八德區,八德區和平路638號
瑞豐國小,(03)3682787＃510,桃園市,八德區,八德區介壽路2段933巷40號
建德公園,3683155#231,桃園市,八德區,建德路、長興路交叉口
大湳公園,3683155#231,桃園市,八德區,中路街、福國北街交叉口
蘆竹區公所三樓,03-222-0248,桃園市,蘆竹區,桃園市蘆竹區南崁里南崁路150號(3F)
蘆竹區婦幼館,03-212-2120,桃園市,蘆竹區,桃園市蘆竹區瓦窯里仁愛路一段2號(B1)
上竹市民活動中心,0932-268271,桃園市,蘆竹區,桃園市蘆竹區上竹里博愛街22號(2F)
大竹老人集會所,0921-169267,桃園市,蘆竹區,桃園市蘆竹區大竹里南竹路五段210巷1弄1號(2F)
後壁厝市民活動中心,0932-270135,桃園市,蘆竹區,桃園市蘆竹區坑口里南山北路二段378號(1F)
海湖第一市民活動中心,0937-951163,桃園市,蘆竹區,桃園市蘆竹區海湖里海湖東路217號(3F)
富竹市民活動中心,0922-339589,桃園市,蘆竹區,桃園市蘆竹區富竹里富竹街109號(3F)
新莊社區教室,0928-211477,桃園市,蘆竹區,桃園市蘆竹區新莊里中油街373號(1、2F)
營盤市民活動中心,0920-363248,桃園市,蘆竹區,桃園市蘆竹區營盤里中山路108巷21號(3F)
南崁市民活動中心,0936-376289,桃園市,蘆竹區,桃園市蘆竹區南崁里南崁路152號(2F)
宏竹市民活動中心,0913-510378,桃園市,蘆竹區,桃園市蘆竹區宏竹里宏華街10號(1、2F)
公埔市民活動中心,0972-341144,桃園市,蘆竹區,桃園市蘆竹區內厝里8鄰南山路二段394巷67號(1F)
南榮市民活動中心,0932-098061,桃園市,蘆竹區,桃園市蘆竹區南榮里桃園街9號(2F)
彎頭仔市民活動中心,0934-309931,桃園市,蘆竹區,桃園市蘆竹區山腳里18鄰山外路117號(3F)
外社市民活動中心,0936-398891,桃園市,蘆竹區,桃園市蘆竹區外社里12鄰山林路二段471號(1、2、4F)
五福市民活動中心,0919-278652,桃園市,蘆竹區,桃園市蘆竹區五福里5鄰福祿5街18號(4F)
南青市民活動中心,0911-240679,桃園市,蘆竹區,桃園市蘆竹區蘆竹里南青路850巷50號(1F)
大南興市民活動中心,0910-302243,桃園市,蘆竹區,桃園市蘆竹區順興里5鄰南昌路36號(3F)
光明市民活動中心,"0935-646329
0932-267091",桃園市,蘆竹區,桃園市蘆竹區錦興里18鄰光明路2段33號(1、2F)
興仁市民活動中心,0935-768488,桃園市,蘆竹區,桃園市蘆竹區中興里興仁路330-1號(1F)
南崁高中,3525580#515,桃園市,蘆竹區,桃園市蘆竹區仁愛路二段1號
南崁國中,3525590#510,桃園市,蘆竹區,桃園市蘆竹區五福六路1號
大竹國中,3232764#511,桃園市,蘆竹區,桃園市蘆竹區大竹路國中巷35號
光明國中,3114355#510,桃園市,蘆竹區,桃園市蘆竹區光明路一段123號
南崁國小,3115578#510,桃園市,蘆竹區,桃園市蘆竹區吉林路160號
光明國小,3127066#510,桃園市,蘆竹區,桃園市蘆竹區南昌路255號
蘆竹國小,3118786#511,桃園市,蘆竹區,桃園市蘆竹區富國路二段850號
公埔國小,3243852#511,桃園市,蘆竹區,桃園市蘆竹區南山路二段448號
錦興國小,2723067#510,桃園市,蘆竹區,桃園市蘆竹區南竹路一段100號
頂社國小,3241182#510,桃園市,蘆竹區,桃園市蘆竹區山林路三段232號
外社國小,3241874#510,桃園市,蘆竹區,桃園市蘆竹區山林路二段525號
山腳國小,3241995#511,桃園市,蘆竹區,桃園市蘆竹區南山路三段440號
山腳國中,3241995#511,桃園市,蘆竹區,桃園市蘆竹區海山路319號
海湖國小,3542181#510,桃園市,蘆竹區,桃園市蘆竹區海湖東路191巷15號
龍安國小,3922797#510,桃園市,蘆竹區,桃園市蘆竹區文中路一段35號
新興國小,3602448#510,桃園市,蘆竹區,桃園市蘆竹區新興街355號
大竹國小,3232917#510,桃園市,蘆竹區,桃園市蘆竹區大竹路556號
新莊國小,3231264#110,桃園市,蘆竹區,桃園市蘆竹區大新路380巷121號
大華國小,3232664#520,桃園市,蘆竹區,桃園市蘆竹區大華街98號
開南大學,2723067#510,桃園市,蘆竹區,桃園市蘆竹區開南路1號
光明河濱公園,03-222-0465,桃園市,蘆竹區,桃園市蘆竹區錦興里光明路二段
新屋區婦幼館,4772111#323,桃園市,新屋區,新屋區中山路370號
新屋市民活動中心,972739215,桃園市,新屋區,新屋區中山路267巷1號
九斗市民活動中心,4771728,桃園市,新屋區,新屋區長祥路1098號
下田市民活動中心,4863588,桃園市,新屋區,新屋區下田里3鄰中山西路二段780號
下埔市民活動中心,937128686,桃園市,新屋區,新屋區下埔里東興路二段1100號
大坡市民活動中心,4768915,桃園市,新屋區,新屋區5鄰三角堀5號
永安市民活動中心,4861014,桃園市,新屋區,新屋區永安里保生路55號
永興市民活動中心,937172008,桃園市,新屋區,新屋區永興里永慶一路273號
石牌市民活動中心,4862330,桃園市,新屋區,新屋區石牌里東興路二段568號
石磊市民活動中心,4771835,桃園市,新屋區,新屋區石磊里三民路二段276號
赤欄市民活動中心,0932371813,桃園市,新屋區,新屋區中山西路2段280號
東明市民活動中心,4777047,桃園市,新屋區,新屋區東明里3鄰5號
社子市民活動中心,0988808582,桃園市,新屋區,新屋區7鄰3之1號
後庄市民活動中心,4768571,桃園市,新屋區,新屋區東福路二段515號
松柏會老人文康活動中心,03-4772111#321,桃園市,新屋區,新屋區笨港里2鄰笨子港29-5號
後湖市民活動中心,4779669,桃園市,新屋區,新屋區三民路一段68號
埔頂市民活動中心,0933963500,桃園市,新屋區,新屋區埔頂路279巷50號
望間市民活動中心,927098636,桃園市,新屋區,新屋區4鄰十五間25號
深圳市民活動中心,0927406882,桃園市,新屋區,新屋區深圳里4鄰20-5號
清華市民活動中心,0933148162,桃園市,新屋區,新屋區清華里清文路229號4樓
笨港市民活動中心,4768338,桃園市,新屋區,新屋區聖賢路39號
蚵間市民活動中心,933733278,桃園市,新屋區,新屋區東福路三段476號
槺榔市民活動中心,4769366,桃園市,新屋區,新屋區8鄰9號
頭洲市民活動中心,03-4906688,桃園市,新屋區,新屋區校前路48號
頭洲國小,"4901204#510
0916716976",桃園市,新屋區,新屋區校前路72號
新屋國小,"4772016#511
0910177897",桃園市,新屋區,新屋區中正路196號
啟文國小,"4772077-51
0919780613",桃園市,新屋區,新屋區清華里新文路762號
埔頂國小,"4772240#510
0932979464",桃園市,新屋區,新屋區中華南路二段50號
東明國小,"4772500#510
0928632563",桃園市,新屋區,新屋區東明里中山西路一段474號
社子國小,"4772444@11
0919234111",桃園市,新屋區,新屋區社福路235號
北湖國小,4862415#11,桃園市,新屋區,新屋區石牌里東興路二段780號
永安國中,"4862507#510
0939520060",桃園市,新屋區,新屋區永安里中山西路三段96號
永安國小,"4862224
0963132438",桃園市,新屋區,新屋區下田里中山西路二段1320號
大坡國中,"4768350
0952576493",桃園市,新屋區,新屋區大坡里民有二路二段100號
大坡國小,"4768311#510
0972107239",桃園市,新屋區,新屋區大坡里國校路11號
蚵間國小,"4768413
0910942500",桃園市,新屋區,新屋區後庄里文化路一段636號
笨港國小,"4769113#110
0900779731",桃園市,新屋區,新屋區笨港里文學路22號
新屋高中,"4772029#510
0989302029",桃園市,新屋區,新屋區新屋里中興路111號
昭靈宮公園,03-4772111#292,桃園市,新屋區,文化路一段、桃103號交叉口
龍潭區婦幼館,"03-4794847
0952035308",桃園市,龍潭區,龍潭區干城路19巷30號
上華市民活動中心,"03-4792222
0931887722",桃園市,龍潭區,龍潭區大順路209號
東興武漢市民活動中心,"3-4096560
0933821903
03-4897094
0913012658",桃園市,龍潭區,龍潭區武漢路100號
九龍市民活動中心,"03-4891713 
0932055074",桃園市,龍潭區,龍潭區九龍里五福街330號
八德第一市民活動中心," 03-4893281
0912883281",桃園市,龍潭區,龍潭區聖德里11鄰聖亭路八德段451巷140號
八德第二市民活動中心,"03-4897111
0955315140",桃園市,龍潭區, 龍潭區梅龍路2號
三水市民活動中心,"03-4702036
0985560288",桃園市,龍潭區, 龍潭區三水里龍新路三水段244巷30號
三和第一市民活動中心,"03-4798995
0910174127",桃園市,龍潭區, 龍潭區三和里直坑22號
三和第二市民活動中心,"03-4898033
0928227083",桃園市,龍潭區,龍潭區龍新路竹窩段430號
三林市民活動中心,"03-4705872
0912893505",桃園市,龍潭區,龍潭區三林里民族路370巷184弄2號
上林市民活動中心,"03-4705345
0933967589",桃園市,龍潭區,龍潭區金龍路112巷51號
大中正市民活動中心,"034795472
0933963706",桃園市,龍潭區,龍潭區龍星里中正路204號
大平市民活動中心,"03-4111008
0932172599
03-4713588
0939216022",桃園市,龍潭區,龍潭區永平路80號
中山市民活動中心,"03-4792242
0936158225",桃園市,龍潭區,龍潭區中山里華南路1號旁
中正市民活動中心," 03-4893555
0988423787",桃園市,龍潭區,龍潭區龍華路526巷55-1號
中興市民活動中心,"03-4791264
0910116877",桃園市,龍潭區,龍潭區中興路240巷38號
永興市民活動中心,"03-4798305
0911268370",桃園市,龍潭區,龍潭區健行路11號
佳安市民活動中心,"03-4713017
0933148695",桃園市,龍潭區,龍潭區佳安里文化路188號2樓
建林市民活動中心,"03-4701573
0922247103 ",桃園市,龍潭區,龍潭區忠勇街97號
凌雲市民活動中心,0983-631341,桃園市,龍潭區,龍潭區干城路19巷28號
烏林市民活動中心,"03-4702356
0928891284",桃園市,龍潭區,潛龍國小內(烏林里中豐路401號)
高平第一市民活動中心,"03-4717346
0912252185",桃園市,龍潭區,龍潭區高平里龍源路10鄰11號
高平市民活動中心,"03-4717359
0936206809",桃園市,龍潭區,龍潭區高平里高楊南路180號
高原市民活動中心,"03-4718462
0903060562",桃園市,龍潭區,龍潭區中原路3段135號
富林市民活動中心,"03-4705872
0912893505",桃園市,龍潭區,龍潭區建國路278號
聖德市民活動中心,"03-4893281
0928212638",桃園市,龍潭區,龍潭區湧光路533號
龍潭市民活動中心,"03-4795072
0932103371",桃園市,龍潭區,龍潭區龍潭里南龍路13號
大烏林市民活動中心, 0975-620029,桃園市,龍潭區,龍潭區龍潭里烏林里工一路88巷36號
龍星市民活動中心 ,"03-4994868
0916166869",桃園市,龍潭區, 龍潭區龍星里龍華路100號
武漢國中,03-4806468#510   0953811483,桃園市,龍潭區,龍潭區武中路227號
龍潭高中,03-4792829#160   0933-970757,桃園市,龍潭區,龍潭區神龍路155號
德龍國小,03-4792524#510   0936484066,桃園市,龍潭區,龍潭區聖亭路八德段451巷140號
武漢國小,(03)4792873＃510            0918-055816,桃園市,龍潭區,龍潭區武漢路100號
潛龍國小,03-4792153#520    0930159925,桃園市,龍潭區,龍潭區中豐路401號
龍潭國中,03-4792075#511   0910030254,桃園市,龍潭區,龍潭區龍華路460號
龍星國小,(03)4797299＃510            0986-807533,桃園市,龍潭區,龍潭區中正路269號
凌雲國中,(03)4792604＃511    0953373230,桃園市,龍潭區,龍潭區中豐路上林段418號
雙龍國小,03-4991888#510   0937406928,桃園市,龍潭區,龍潭區神龍路346號
龍源國小,(03)4717149＃510           0916-034086,桃園市,龍潭區,龍潭區龍源路121巷110弄39號
高原國小,(03)4717009＃520          0926-375736,桃園市,龍潭區,龍潭區高原路568號
三和國小,(03)4792154＃510     0978-035303 ,桃園市,龍潭區,龍潭區龍新路三和段1356號
龍潭國小,(03)4792014＃510     0933-170398,桃園市,龍潭區,龍潭區南龍路13號
石門國小,(03)4711752＃512          0922-486358,桃園市,龍潭區,龍潭區文化路188號
石門國中,(03)4713610＃510      0920-596820,桃園市,龍潭區,龍潭區文化路137號
三坑國小,(03)4713627＃510      0936-315613,桃園市,龍潭區,龍潭區永昌路51巷85號
新生醫護管理專科學校,(03)411-7578#9,桃園市,龍潭區,龍潭區中豐路高平段418號
龍潭運動公園,03-4793070#1122   0918968121,桃園市,龍潭區,公園路67號
龜山區公所三樓禮堂,03-3203711 ＃803,桃園市,龜山區,龜山區新路里中山街26號
大華市民活動中心,932797572,桃園市,龜山區,龜山區大華里文化七路118巷7號
大同市民活動中心,03-3200962,桃園市,龜山區,龜山區大同里明德路203巷10號
幸福市民活動中心,03-3290331,桃園市,龜山區,龜山區幸福里幸福一街38號1號
南上市民活動中心,03-3551856,桃園市,龜山區,龜山區南上里民生北路一段356巷386-1號
山頂市民活動中心,03-3293119,桃園市,龜山區,龜山區明興街36號
嶺頂市民活動中心,03-3597113,桃園市,龜山區,龜山區嶺頂里萬壽路二段6巷61號
大崗市民活動中心,03-3282434,桃園市,龜山區,龜山區大崗里忠義路二段491號
精忠第二市民活動中心,0976315743,桃園市,龜山區,龜山區精忠里光峰路141號
兔坑第一市民活動中心,03-3495524,桃園市,龜山區,龜山區兔坑里村大同路918號
文化市民活動中心,03-3979190,桃園市,龜山區,龜山區文昌五街99號
樂善市民活動中心,03-3281905,桃園市,龜山區,龜山區樂善里樂安街7-1號
舊路市民活動中心,03-3590596,桃園市,龜山區,龜山區舊路里振興路1278巷29號-振天宮
龜山市民活動中心,03-3295939,桃園市,龜山區,龜山區龜山里中興路一段50號
山福市民活動中心,937956126,桃園市,龜山區,龜山區山福里中興路152號
廻龍市民活動中心,02-82000095,桃園市,龜山區,龜山區迴龍里宏慶街34巷48-1號
龍華市民活動中心,02-82001127,桃園市,龜山區,龜山區龍華里萬壽路一段422巷22弄43-1號
長庚醫護社區活動      文康中心,03-3282426,桃園市,龜山區,龜山區長庚里長庚一街 80號B1
樂善國小,03-3281002＃510,桃園市,龜山區,龜山區樂善里11鄰樂安街71號
文華國小,03-3279014＃513,桃園市,龜山區,龜山區文化七路116號
文欣國小,03-3974893＃310,桃園市,龜山區,龜山區文昌五街95號
山頂國小,03-3207244＃511,桃園市,龜山區,龜山區頂興路2號
迴龍國中小,02-82096088＃511,桃園市,龜山區,龜山區萬壽路一段168號
幸福國小,03-3194072＃511,桃園市,龜山區,龜山區頂興路115巷20號
幸福國中,03-3298992＃512,桃園市,龜山區,龜山區中興路100巷20號
龜山國小,03-3203571＃510,桃園市,龜山區,龜山區萬壽路二段 933巷14號
龜山國中,03-3205681＃512,桃園市,龜山區,龜山區自強西路66號
新路國小,03-3203890＃510,桃園市,龜山區,龜山區永和街12號
楓樹國小,03-3206166＃510,桃園市,龜山區,龜山區光峰路277號
自強國小,03-3590758＃510,桃園市,龜山區,龜山區自強東路269號
壽山高中,03-3501778＃510,桃園市,龜山區,龜山區大同路23號
福源國小,03-3297276＃510,桃園市,龜山區,龜山區大同路916號
龍壽國小,03-3296554＃510,桃園市,龜山區,龜山區龍壽里龍校街30號
壽山國小,03-3291782＃410,桃園市,龜山區,龜山區萬壽路二段六巷61號
南美國小,03-3126250＃512,桃園市,龜山區,龜山區南上路99號
大坑國小,03-3252430＃510,桃園市,龜山區,龜山區大坑路一段850號
大崗國小,03-3282457＃511,桃園市,龜山區,龜山區大湖一路175號
大湖國小,03-3270501＃510,桃園市,龜山區,龜山區文三二街80號
大崗國中,03-3280888＃511,桃園市,龜山區,龜山區文化二路168號
長庚國小,03-3182643＃511,桃園市,龜山區,龜山區長庚里425號
大埔國小,03-3298329＃510,桃園市,龜山區,龜山區振興路1169號
長庚大學,03-2118800＃2107,桃園市,龜山區,桃園市龜山區文化一路259號
長庚科技大學,03-2118999＃5302,桃園市,龜山區,桃園市龜山區文化一路261號
銘傳大學,03-3507001＃3523,桃園市,龜山區,桃園市龜山區大同里德明路 5 號
國立體育大學,03-3283201＃2404,桃園市,龜山區,桃園市龜山區文化一路250號
大華公園,03-3203711＃778,桃園市,龜山區,文化七路、文華國小旁
水美市民活動中心,0936-357733,桃園市,楊梅區,楊梅區水美里楊新路2段2-1號
永揚社福館,0932-105199,桃園市,楊梅區,楊梅區永寧里校前路324巷148號
三湖市民活動中心,0935-551431,桃園市,楊梅區,楊梅區三湖里楊湖路2段491號
上田市民活動中心,0921-092649,桃園市,楊梅區,楊梅區上田里和平路87號
上湖市民活動中心,0953-698208,桃園市,楊梅區,楊梅區上湖里楊湖路3段679號
大合市民活動中心,0930-762067,桃園市,楊梅區,楊梅區大同里自立街2號
大東市民活動中心,0910-934143,桃園市,楊梅區,楊梅區東流里甡甡路440號
金龍市民活動中心,0936-349918,桃園市,楊梅區,楊梅區金龍里中興路236之1號
員本市民活動中心,0928-191410,桃園市,楊梅區,楊梅區員本里2鄰員本路532之1號
高山市民活動中心,03-4781335,桃園市,楊梅區,楊梅區高上里幼獅路3段168號
高榮市民活動中心,0933-082698,桃園市,楊梅區,楊梅區高榮里幼獅路2段390之2號
富岡市民活動中心,0935-026708,桃園市,楊梅區,楊梅區富岡里新明街347巷2弄1號
瑞原市民活動中心,0937-172244,桃園市,楊梅區,楊梅區瑞原里民豐路506之1號
瑞塘市民活動中心,0933-081916,桃園市,楊梅區,楊梅區瑞塘里四維二路20號
豐野市民活動中心,0921-151456,桃園市,楊梅區,楊梅區豐野里信義街83巷25弄23號
楊心國小,"03-4758680
分機520",桃園市,楊梅區,楊梅區楊梅里金華街100號
楊梅國中,"03-4782024
分機510",桃園市,楊梅區,楊梅區紅梅里校前路149號
楊光國中小,"03-4827987
分機510",桃園市,楊梅區,楊梅區三民里瑞溪路一段88號
楊明國小,"03-4754929
分機852",桃園市,楊梅區,楊梅區楊明里中山北路1段390巷50號
瑞塘國小,"03-4316360
分機520",桃園市,楊梅區,楊梅區瑞坪里瑞溪路2段100號
瑞坪國中,"03-4821468
分機511",桃園市,楊梅區,楊梅區瑞坪里文化街535號
仁美國中,"03-4641123
分機511",桃園市,楊梅區,楊梅區高榮里梅獅路539巷1號
瑞埔國小,"03-4822018
分機520",桃園市,楊梅區,楊梅區埔心里中興路133號
四維國小,"03-4822704
分機511",桃園市,楊梅區,楊梅區光華里金龍三路95號
瑞梅國小,"03-4825284
分機520",桃園市,楊梅區,楊梅區梅溪里三元街99號
楊明國中,"03-4781525
分機510",桃園市,楊梅區,楊梅區大同里新農街337號
高榮國小,"03-4782314
分機510",桃園市,楊梅區,楊梅區高山里高上路一段1號
楊梅高中,"03-4789618
分機1401",桃園市,楊梅區,楊梅區高山里高獅路5號
水美國小,"03-4782770
分機510",桃園市,楊梅區,楊梅區水美里楊新路一段410號
大同國小,"03-4782249
分機510",桃園市,楊梅區,楊梅區大同里新農街85號
楊梅國小,"03-4782016
分機510",桃園市,楊梅區,楊梅區永寧里校前路1號
楊梅國中秀才分校,"03-4756261
分機510",桃園市,楊梅區,楊梅區秀才里秀才路919號
上田國小,"03-4782544
分機513",桃園市,楊梅區,楊梅區上田里和平路98號
瑞原國中,"03-4782242
分機550",桃園市,楊梅區,楊梅區瑞原里民豐路69號
瑞原國小,"03-4723280
分機510",桃園市,楊梅區,楊梅區瑞原里民安路1號
上湖國小,"03-4728925
分機510",桃園市,楊梅區,楊梅區上湖里上湖二路88號
富岡國小,"03-4721193
分機510",桃園市,楊梅區,楊梅區豐野里中正路147號
富岡國中,"03-4721113
分機512",桃園市,楊梅區,楊梅區豐野里中正路456號
埔心公園,"03-4783683
分機162",桃園市,楊梅區,楊梅區金龍里金龍一路
大園區老人文康活動中心,0975-510822,桃園市,大園區,大園區田心里大觀路118號
大園市民活動中心,0932-169971,桃園市,大園區,大園區大園里和平東路89號1樓
三石市民活動中心,"03-3831028
0910-155292",桃園市,大園區,大園區三石里9鄰三和路5號
五權第二市民活動中心,"03-3812881
0933-957335",桃園市,大園區,大園區五權里14鄰中正東路二段541號
北港市民活動中心,0933-145579,桃園市,大園區,大園區北港里9鄰潮音二路226號
后厝市民活動中心,"03-3859528
0937-957387",桃園市,大園區,大園區后厝里12鄰中華路595號
埔心市民活動中心,"03-3815295
0915-925969",桃園市,大園區,大園區埔心街82之4號二樓
大園國中,03-3862029＃510,桃園市,大園區,大園區園科路400號
大園國小,03-3862030＃510,桃園市,大園區,大園區中正東路160號
竹圍國中,03-3835026＃511,桃園市,大園區,大園區沙崙里2鄰海港路2巷87號
竹圍國小,03-3835079＃510,桃園市,大園區,大園區竹圍里竹圍街3號
沙崙國小,03-3835072＃510,桃園市,大園區,大園區沙崙里九鄰75之2號
菓林國小,03-3835096＃510,桃園市,大園區,大園區菓林里12鄰41號
溪海國小,03-3862174＃510,桃園市,大園區,大園區和平西路一段420號
潮音國小,03-3862844＃510,桃園市,大園區,大園區潮音路一段188號
內海國小,(03)3862844＃510,桃園市,大園區,大園區學府路76巷32號
圳頭國小,(03)3862504＃510,桃園市,大園區,大園區圳頭路850巷30號
后厝國小,(03)3869583＃510,桃園市,大園區,大園區國際路二段147號
埔心國小,(03)3812304＃510,桃園市,大園區,大園區中正東路一段189巷35號
陳康國小,(03)3811092＃510,桃園市,大園區,大園區大海里建國八村151號
五權國小,(03)3812803＃510,桃園市,大園區,大園區中正東路二段539號
大園國際高中,03-3813001＃511,桃園市,大園區,大園區大成路二段8號
航空城客運園區公1公園,（03）3396122#101,桃園市,大園區,園科路、科二街交叉口
廣福市民活動中心,0966886999,桃園市,觀音區,觀音區福山路二段403巷6號
觀音區公所綠資源中心,0937522132,桃園市,觀音區,觀音區觀新路56號
三和市民活動中心,0932276812,桃園市,觀音區,觀音區三和里5鄰快速路九段783巷62號
上大市民活動中心,0919103049,桃園市,觀音區,觀音區8鄰大湖路一段510號
大同市民活動中心,"0981031060
03-4987666",桃園市,觀音區,觀音區新富路一段595號
大堀市民活動中心,0912829212,桃園市,觀音區,觀音區大堀里新華路二段72號
大潭市民活動中心,0922194893,桃園市,觀音區,觀音區大潭里16鄰保生三街61號
白玉市民活動中心,"0932170790
03-4734160",桃園市,觀音區,觀音區白玉里5鄰玉林路一段180號
武威市民活動中心,0921875749,桃園市,觀音區,觀音區武威里4鄰武威一路10號
保生市民活動中心,0988374901,桃園市,觀音區,觀音區保生里11鄰保成路32號
保障市民活動中心,0937075999,桃園市,觀音區,觀音區保障里10鄰保障二路562號
草漯市民活動中心,0937107188,桃園市,觀音區,觀音區草漯里1鄰忠孝路82號
富林、草新市民活動中心,0988252242,桃園市,觀音區,觀音區富林里一心路180號
富林市民活動中心,0955707078,桃園市,觀音區,觀音區富林里5鄰大觀路三段463號
富源市民活動中心,0912250368,桃園市,觀音區,觀音區富源里新富路801巷65號
崙坪市民活動中心,0937130008,桃園市,觀音區,觀音區學府路65巷5號
塔腳市民活動中心,0912394361,桃園市,觀音區,觀音區塔腳路116號
新興、坑尾市民活動中心,"0932103496
0914116220",桃園市,觀音區,觀音區新興里文化路石橋段453號
廣興市民活動中心,0905879778,桃園市,觀音區,觀音區廣興里7鄰中山路一段413號
樹林市民活動中心,"0935786435
03-4834817",桃園市,觀音區,觀音區泰安街209號
觀音老人會館暨市民活動中心,0937539690,桃園市,觀音區,觀音區觀音里中山路8號
崙坪國小,"03-4981286#510
0932172722",桃園市,觀音區,觀音區崙坪里297-1號
上大國小,"4901174#511
0928211017",桃園市,觀音區,觀音區大湖路一段540號
草漯國小,"4830160#510
0918641250",桃園市,觀音區,觀音區草新里新生路1462號
草漯國中,"4830146#520
0930510947",桃園市,觀音區,觀音區草新里四維路73號
富林國小,"4839049#32
0916196051",桃園市,觀音區,觀音區大觀路3段466號
樹林國小,"4830414#310
0911989628",桃園市,觀音區,觀音區樹林里新村路二段12號
保生國小,"4732054#510
0929585278
",桃園市,觀音區,桃園市觀音區保生里14鄰5號
大潭國小,"4732087#510
0917604532",桃園市,觀音區,桃園市觀音區濱海路大潭段687號
觀音國中,"
4732034#510
0911799887",桃園市,觀音區,桃園市觀音區白玉里下庄子53之1號
觀音國小,"4732009#511
0920811036",桃園市,觀音區,桃園市觀音區文化路2號
新坡國小,(03)4981534＃510,桃園市,觀音區,觀音區中山路二段717號
觀音高中,(03)4981464＃511,桃園市,觀音區,觀音區中山路二段519號
育仁國小,(03)4732720＃530,桃園市,觀音區,觀音區育仁路二段1號
樹林公園,"4732121#109
0931680805",桃園市,觀音區,建國路、民生路交叉口
月眉市民活動中心,0912-217691,桃園市,大溪區,桃園市大溪區月湖路56號
綜合市民活動中心,"03-389-1175
0932-273249",桃園市,大溪區,桃園市大溪區公園路30號2樓
三層市民活動中心,0936-511503,桃園市,大溪區,桃園市大溪區三層老街30號1樓
下田心市民活動中心,"03-3870246
0911-867125",桃園市,大溪區,桃園市大溪區民權東路94巷29號
美華市民活動中心,"03-3886276
0937-813750",桃園市,大溪區,桃園市大溪區美山路一段660號
新峰市民活動中心,0931-394091,桃園市,大溪區,桃園市大溪區復興路二段758巷48號
復興市民活動中心,0935-498259,桃園市,大溪區,桃園市大溪區復興路二段275巷16號
頭寮市民活動中心,0921-087134,桃園市,大溪區,桃園市大溪區復興路一段775號2樓
三元市民活動中心,0937-813870,桃園市,大溪區,桃園市大溪區員林路二段450號
中興市民活動中心,0932-092430,桃園市,大溪區,大溪區大鶯路1450巷26號
仁和市民活動中心,0972-051093,桃園市,大溪區,桃園市大溪區仁和七街159號3樓
仁善市民活動中心,0936-968949,桃園市,大溪區,桃園市大溪區仁德街19號3樓
南興市民活動中心,0910-615821,桃園市,大溪區,桃園市大溪區仁和路二段190巷29號
瑞興市民活動中心,"03-3801239
0932-100568",桃園市,大溪區,桃園市大溪區大鶯路936號
僑愛市民活動中心,0952-455287,桃園市,大溪區,桃園市大溪區僑愛一街55號
大溪高中,"03-3878628#512
0937-958652",桃園市,大溪區,桃園市大溪區康莊路641號
瑞祥國小,"03-3801197#510
0918346769",桃園市,大溪區,桃園市大溪區石園路760巷120號
南興國小,"03-3801721#510
0928-997228",桃園市,大溪區,桃園市大溪區仁和路二段135號
仁善國小,"03-3801710#52
0952-827057",桃園市,大溪區,桃園市大溪區埔頂路二段109號
員樹林國小,"03-3801502#510
0921618460",桃園市,大溪區,桃園市大溪區員林路二段450號
大溪國小,"03-3882040#510
0955-084756",桃園市,大溪區,桃園市大溪區登龍路19號
田心國小,"03-3872008#511
0937-102151",桃園市,大溪區,桃園市大溪區文化路120號
大溪國中,"03-3882024#511
0937-108869",桃園市,大溪區,桃園市大溪區民權東路210號
中興國小,"03-3801394#501
0978102321",桃園市,大溪區,桃園市大溪區大鶯路1125號
僑愛國小,"03-3801895#510
0927-017382",桃園市,大溪區,桃園市大溪區介壽路214號
仁和國小,"03-3076626#510
0958-931747",桃園市,大溪區,桃園市大溪區仁和二街50號
仁和國中,"03-3906626#510
0928603080",桃園市,大溪區,桃園市大溪區仁和七街55號
永福國小,"03-3872008#510
0912-214081",桃園市,大溪區,桃園市大溪區信義路1165號
美華國小,"03-3882403#510
0912-541568",桃園市,大溪區,桃園市大溪區金山路50號
內柵國小,"03-3882461#510
0954085410",桃園市,大溪區,桃園市大溪區安和路38號
福安國小,"03-3882374#510
0983-127967",桃園市,大溪區,桃園市大溪區復興路一段755號
百吉國小,"03-3883956#511
0972-627373",桃園市,大溪區,桃園市大溪區環湖路二段845號
大溪埔頂公園,"03-3882201#501
0921-085700",桃園市,大溪區,桃園市大溪區埔仁路、仁善街交叉口
大溪多目標體育館,"03-3882201#508
0963262367",桃園市,大溪區,桃園市大溪區登龍路22號
三民社區活動中心,0927-201573,桃園市,復興區,復興區三民里5鄰丸山56號
義盛市民活動中心,0915-037889,桃園市,復興區,復興區義盛里1鄰下宇內9號
霞雲社區活動中心,0921-167213,桃園市,復興區,復興區霞雲里6鄰21-1號
奎輝里活動中心,0933-250265,桃園市,復興區,復興區奎輝里3鄰羅馬路3段355號1樓
奎輝獵人學校,0938-860989,桃園市,復興區,復興區奎輝里9鄰14號
長興里辦公處,0927-659297,桃園市,復興區,復興區長興里10鄰35-1號
三光市民活動中心,0975-901044,桃園市,復興區,復興區三光里5鄰18號
華陵里辦公處,0921-167473,桃園市,復興區,復興區華陵里7鄰23之3號
高義教會,0928-297091,桃園市,復興區,復興區高義里6鄰48號
高坡國小,0926-749822,桃園市,復興區,復興區羅浮里7鄰高坡27號
澤仁里辦公處,0973-594722,桃園市,復興區,復興區澤仁里14鄰中正路168之1號
介壽國小,"（03）3822364＃51
0912127410",桃園市,復興區,復興區澤仁里中正路33號
三民國小,"（03）3825294＃51
0931671193",桃園市,復興區,復興區三民里11鄰57號
奎輝國小,"（03）3822177＃510
0985031195",桃園市,復興區,復興區奎輝里羅馬路三段356號
介壽國中,"（03）3822315＃510
0910937206",桃園市,復興區,復興區澤仁里中正路248號
高義國小,"（03）3912313＃25
0926247378",桃園市,復興區,桃園市復興區高義里3鄰28號
三光國小,"（03）3912230＃10
0934154938",桃園市,復興區,桃園市復興區三光里4鄰8號
巴陵國小,"（03）3912131＃311
0963150813",桃園市,復興區,桃園市復興區華陵里9鄰75號
光華小學,"（03）3912325＃520
0975217916",桃園市,復興區,桃園市復興區華陵里四鄰哈嘎灣12號
霞雲國小,"（03）3822224＃51
0988737037",桃園市,復興區,桃園市復興區霞雲里6鄰14號
羅浮國小,"（03）3822269＃511
0955750245",桃園市,復興區,桃園市復興區羅浮里三鄰16號
義盛國小,"（03）3822787＃51
0933776761",桃園市,復興區,桃園市復興區義盛里1鄰宇內路50號
長興國小,"（03）3822178＃58
0928652941",桃園市,復興區,桃園市復興區長興里16鄰43號
羅浮高中,"（03）3825585＃510
0988325193",桃園市,復興區,桃園市復興區18號
角板山公園,"03-3821500#2222
0922518676",桃園市,復興區,中正路、中山路交叉口
